{
  "params": {
    "symbols": [
      "ETH/USDT"
    ],
    "timeframe": "15m",
    "ema_fast": 50,
    "ema_slow": 200,
    "atr_len": 14,
    "min_atr_pct": 0.5,
    "execution": "next_open",
    "capital": 10000.0,
    "risk_pct": 0.005,
    "k_sl": 1.5,
    "fee_rate": 0.001,
    "tp": {
      "k_tp1": 1.0,
      "k_tp2": 2.0,
      "k_tp3": 3.0,
      "p1": 0.5,
      "p2": 0.3,
      "p3": 0.2,
      "move_be_after_tp1": true,
      "trail_act_pct": 0.008,
      "trail_dist_pct": 0.003
    }
  },
  "per_symbol": {
    "ETH/USDT": {
      "symbol": "ETH/USDT",
      "trades": 1
    }
  },
  "metrics": {
    "n_trades": 1,
    "gross_profit": 19.033519847330233,
    "gross_loss": 0,
    "net_profit": 19.033519847330233,
    "avg_trade_usdt": 19.033519847330233,
    "profit_factor": Infinity,
    "expectancy_usdt": 19.033519847330233,
    "expectancy_r": 0.38067039694660465,
    "max_drawdown_usdt": 0.0,
    "sharpe_like": 0.0,
    "r_multiple_avg": 0.38067039694660465,
    "win_rate_%": 100.0
  }
}