{
  "score": -1000000000.0,
  "params": {
    "min_atr_pct": 0.12,
    "k_sl": 1.2,
    "k_tp1": 1.0,
    "k_tp2": 2.0,
    "k_tp3": 3.0,
    "p1": 0.3,
    "p2": 0.3,
    "p3": 0.2,
    "trail_act_pct": 0.8,
    "trail_dist_pct": 0.3,
    "timeframe": "15m",
    "ema_fast": 50,
    "ema_slow": 150,
    "capital": 10000.0,
    "risk_pct": 1.0,
    "fee": 0.1,
    "symbols": [
      "ETH/USDT",
      "BNB/USDT"
    ]
  },
  "metrics": {
    "n_trades": 2,
    "gross_profit": 187.24045169031686,
    "gross_loss": 0,
    "net_profit": 187.24045169031686,
    "avg_trade_usdt": 93.62022584515843,
    "profit_factor": Infinity,
    "expectancy_usdt": 93.62022584515843,
    "expectancy_r": 0.9362022584515843,
    "max_drawdown_usdt": 0.0,
    "sharpe_like": 4.0502359599158355,
    "r_multiple_avg": 0.9362022584515843,
    "win_rate_%": 100.0
  }
}