{
  "params": {
    "symbols": [
      "LINK/USDT"
    ],
    "timeframe": "15m",
    "ema_fast": 50,
    "ema_slow": 150,
    "atr_len": 14,
    "min_atr_pct": 0.15,
    "execution": "next_open",
    "capital": 10000.0,
    "risk_pct": 0.005,
    "k_sl": 1.5,
    "fee_rate": 0.001,
    "tp": {
      "k_tp1": 1.0,
      "k_tp2": 2.0,
      "k_tp3": 3.0,
      "p1": 0.4,
      "p2": 0.3,
      "p3": 0.3,
      "move_be_after_tp1": true,
      "trail_act_pct": 0.008,
      "trail_dist_pct": 0.003
    }
  },
  "per_symbol": {
    "LINK/USDT": {
      "symbol": "LINK/USDT",
      "trades": 1
    }
  },
  "metrics": {
    "n_trades": 1,
    "gross_profit": 0,
    "gross_loss": 58.02394037354986,
    "net_profit": -58.02394037354986,
    "avg_trade_usdt": -58.02394037354986,
    "profit_factor": 0.0,
    "expectancy_usdt": -58.02394037354986,
    "expectancy_r": -1.1604788074709973,
    "max_drawdown_usdt": 58.02394037354986,
    "sharpe_like": 0.0,
    "r_multiple_avg": -1.1604788074709973,
    "win_rate_%": 0.0
  }
}