{
  "BTC/USDT": true,
  "SOL/USDT": true,
  "XRP/USDT": false,
  "1000CAT/USDT": false,
  "1000CHEEMS/USDT": false,
  "1000SATS/USDT": false,
  "1INCH/USDT": false,
  "1MBABYDOGE/USDT": false,
  "A/USDT": false,
  "AAVE/USDT": false,
  "ACA/USDT": false,
  "ACE/USDT": false,
  "ACH/USDT": false,
  "ACM/USDT": false,
  "ACT/USDT": false,
  "ACX/USDT": false,
  "ADA/USDT": false,
  "ADX/USDT": false,
  "AEUR/USDT": false,
  "AEVO/USDT": false,
  "AGLD/USDT": false,
  "AI/USDT": false,
  "AIXBT/USDT": false,
  "ALCX/USDT": false,
  "ALGO/USDT": false,
  "ALICE/USDT": false,
  "ALPHA/USDT": false,
  "ALPINE/USDT": false,
  "ALT/USDT": false,
  "AMP/USDT": false,
  "ANIME/USDT": false,
  "ANKR/USDT": false,
  "APE/USDT": false,
  "API3/USDT": false,
  "APT/USDT": false,
  "AR/USDT": false,
  "ARB/USDT": false,
  "ARDR/USDT": false,
  "ARK/USDT": false,
  "ARKM/USDT": false,
  "ARPA/USDT": false,
  "ASR/USDT": false,
  "ASTR/USDT": false,
  "ATA/USDT": false,
  "ATM/USDT": false,
  "ATOM/USDT": false,
  "AUCTION/USDT": false,
  "AUDIO/USDT": false,
  "AVA/USDT": false,
  "AVAX/USDT": false,
  "AWE/USDT": false,
  "AXL/USDT": false,
  "AXS/USDT": false,
  "BABY/USDT": false,
  "BAKE/USDT": false,
  "BANANA/USDT": false,
  "BANANAS31/USDT": false,
  "BAND/USDT": false,
  "BAR/USDT": false,
  "BAT/USDT": false,
  "BB/USDT": false,
  "BCH/USDT": false,
  "BEAMX/USDT": false,
  "BEL/USDT": false,
  "BERA/USDT": false,
  "BICO/USDT": false,
  "BIFI/USDT": false,
  "BIGTIME/USDT": false,
  "BIO/USDT": false,
  "BLUR/USDT": false,
  "BMT/USDT": false,
  "BNB/USDT": false,
  "BNSOL/USDT": false,
  "BNT/USDT": false,
  "BOME/USDT": false,
  "BONK/USDT": false,
  "BROCCOLI714/USDT": false,
  "BSW/USDT": false,
  "BTTC/USDT": false,
  "C98/USDT": false,
  "CAKE/USDT": false,
  "CATI/USDT": false,
  "CELO/USDT": false,
  "CELR/USDT": false,
  "CETUS/USDT": false,
  "CFX/USDT": false,
  "CGPT/USDT": false,
  "CHESS/USDT": false,
  "CHR/USDT": false,
  "CHZ/USDT": false,
  "CITY/USDT": false,
  "CKB/USDT": false,
  "COMP/USDT": false,
  "COOKIE/USDT": false,
  "COS/USDT": false,
  "COTI/USDT": false,
  "COW/USDT": false,
  "CRV/USDT": false,
  "CTK/USDT": false,
  "CTSI/USDT": false,
  "CVC/USDT": false,
  "CVX/USDT": false,
  "CYBER/USDT": false,
  "D/USDT": false,
  "DASH/USDT": false,
  "DATA/USDT": false,
  "DCR/USDT": false,
  "DEGO/USDT": false,
  "DENT/USDT": false,
  "DEXE/USDT": false,
  "DF/USDT": false,
  "DGB/USDT": false,
  "DIA/USDT": false,
  "DODO/USDT": false,
  "DOGE/USDT": false,
  "DOGS/USDT": false,
  "DOT/USDT": false,
  "DUSK/USDT": false,
  "DYDX/USDT": false,
  "DYM/USDT": false,
  "EDU/USDT": false,
  "EGLD/USDT": false,
  "EIGEN/USDT": false,
  "ENA/USDT": false,
  "ENJ/USDT": false,
  "ENS/USDT": false,
  "EPIC/USDT": false,
  "ETC/USDT": false,
  "ETH/USDT": true,
  "ETHFI/USDT": false,
  "EUR/USDT": false,
  "EURI/USDT": false,
  "FARM/USDT": false,
  "FDUSD/USDT": false,
  "FET/USDT": false,
  "FIDA/USDT": false,
  "FIL/USDT": false,
  "FIO/USDT": false,
  "FIS/USDT": false,
  "FLM/USDT": false,
  "FLOKI/USDT": false,
  "FLOW/USDT": false,
  "FLUX/USDT": false,
  "FORM/USDT": false,
  "FORTH/USDT": false,
  "FTT/USDT": false,
  "FUN/USDT": false,
  "FXS/USDT": false,
  "G/USDT": false,
  "GALA/USDT": false,
  "GAS/USDT": false,
  "GHST/USDT": false,
  "GLM/USDT": false,
  "GLMR/USDT": false,
  "GMT/USDT": false,
  "GMX/USDT": false,
  "GNO/USDT": false,
  "GNS/USDT": false,
  "GPS/USDT": false,
  "GRT/USDT": false,
  "GTC/USDT": false,
  "GUN/USDT": false,
  "HAEDAL/USDT": false,
  "HBAR/USDT": false,
  "HEI/USDT": false,
  "HFT/USDT": false,
  "HIFI/USDT": false,
  "HIGH/USDT": false,
  "HIVE/USDT": false,
  "HMSTR/USDT": false,
  "HOME/USDT": false,
  "HOOK/USDT": false,
  "HOT/USDT": false,
  "HUMA/USDT": false,
  "HYPER/USDT": false,
  "ICP/USDT": false,
  "ICX/USDT": false,
  "ID/USDT": false,
  "IDEX/USDT": false,
  "ILV/USDT": false,
  "IMX/USDT": false,
  "INIT/USDT": false,
  "INJ/USDT": false,
  "IO/USDT": false,
  "IOST/USDT": false,
  "IOTA/USDT": false,
  "IOTX/USDT": false,
  "IQ/USDT": false,
  "JASMY/USDT": false,
  "JOE/USDT": false,
  "JST/USDT": false,
  "JTO/USDT": false,
  "JUP/USDT": false,
  "JUV/USDT": false,
  "KAIA/USDT": false,
  "KAITO/USDT": false,
  "KAVA/USDT": false,
  "KDA/USDT": false,
  "KERNEL/USDT": false,
  "KMD/USDT": false,
  "KMNO/USDT": false,
  "KNC/USDT": false,
  "KSM/USDT": false,
  "LAYER/USDT": false,
  "LAZIO/USDT": false,
  "LDO/USDT": false,
  "LEVER/USDT": false,
  "LINK/USDT": false,
  "LISTA/USDT": false,
  "LOKA/USDT": false,
  "LPT/USDT": false,
  "LQTY/USDT": false,
  "LRC/USDT": false,
  "LSK/USDT": false,
  "LTC/USDT": false,
  "LTO/USDT": false,
  "LUMIA/USDT": false,
  "LUNA/USDT": false,
  "LUNC/USDT": false,
  "MAGIC/USDT": false,
  "MANA/USDT": false,
  "MANTA/USDT": false,
  "MASK/USDT": false,
  "MAV/USDT": false,
  "MBL/USDT": false,
  "MBOX/USDT": false,
  "MDT/USDT": false,
  "ME/USDT": false,
  "MEME/USDT": false,
  "METIS/USDT": false,
  "MINA/USDT": false,
  "MKR/USDT": false,
  "MLN/USDT": false,
  "MOVE/USDT": false,
  "MOVR/USDT": false,
  "MTL/USDT": false,
  "MUBARAK/USDT": false,
  "NEAR/USDT": false,
  "NEIRO/USDT": false,
  "NEO/USDT": false,
  "NEWT/USDT": false,
  "NEXO/USDT": false,
  "NFP/USDT": false,
  "NIL/USDT": false,
  "NKN/USDT": false,
  "NMR/USDT": false,
  "NOT/USDT": false,
  "NTRN/USDT": false,
  "NXPC/USDT": false,
  "OG/USDT": false,
  "OGN/USDT": false,
  "OM/USDT": false,
  "OMNI/USDT": false,
  "ONDO/USDT": false,
  "ONE/USDT": false,
  "ONG/USDT": false,
  "ONT/USDT": false,
  "OP/USDT": false,
  "ORCA/USDT": false,
  "ORDI/USDT": false,
  "OSMO/USDT": false,
  "OXT/USDT": false,
  "PARTI/USDT": false,
  "PAXG/USDT": false,
  "PENDLE/USDT": false,
  "PENGU/USDT": false,
  "PEOPLE/USDT": false,
  "PEPE/USDT": false,
  "PERP/USDT": false,
  "PHA/USDT": false,
  "PHB/USDT": false,
  "PIVX/USDT": false,
  "PIXEL/USDT": false,
  "PNUT/USDT": false,
  "POL/USDT": false,
  "POLYX/USDT": false,
  "POND/USDT": false,
  "PORTAL/USDT": false,
  "PORTO/USDT": false,
  "POWR/USDT": false,
  "PROM/USDT": false,
  "PSG/USDT": false,
  "PUNDIX/USDT": false,
  "PYR/USDT": false,
  "PYTH/USDT": false,
  "QI/USDT": false,
  "QKC/USDT": false,
  "QNT/USDT": false,
  "QTUM/USDT": false,
  "QUICK/USDT": false,
  "RAD/USDT": false,
  "RARE/USDT": false,
  "RAY/USDT": false,
  "RDNT/USDT": false,
  "RED/USDT": false,
  "REI/USDT": false,
  "RENDER/USDT": false,
  "REQ/USDT": false,
  "RESOLV/USDT": false,
  "REZ/USDT": false,
  "RIF/USDT": false,
  "RLC/USDT": false,
  "RONIN/USDT": false,
  "ROSE/USDT": false,
  "RPL/USDT": false,
  "RSR/USDT": false,
  "RUNE/USDT": false,
  "RVN/USDT": false,
  "S/USDT": false,
  "SAGA/USDT": false,
  "SAHARA/USDT": false,
  "SAND/USDT": false,
  "SANTOS/USDT": false,
  "SC/USDT": false,
  "SCR/USDT": false,
  "SCRT/USDT": false,
  "SEI/USDT": false,
  "SFP/USDT": false,
  "SHELL/USDT": false,
  "SHIB/USDT": false,
  "SIGN/USDT": false,
  "SKL/USDT": false,
  "SLF/USDT": false,
  "SLP/USDT": false,
  "SNX/USDT": false,
  "SOLV/USDT": false,
  "SOPH/USDT": false,
  "SPELL/USDT": false,
  "SPK/USDT": false,
  "SSV/USDT": false,
  "STEEM/USDT": false,
  "STG/USDT": false,
  "STO/USDT": false,
  "STORJ/USDT": false,
  "STRAX/USDT": false,
  "STRK/USDT": false,
  "STX/USDT": false,
  "SUI/USDT": false,
  "SUN/USDT": false,
  "SUPER/USDT": false,
  "SUSHI/USDT": false,
  "SXP/USDT": false,
  "SXT/USDT": false,
  "SYN/USDT": false,
  "SYRUP/USDT": false,
  "SYS/USDT": false,
  "T/USDT": false,
  "TAO/USDT": false,
  "TFUEL/USDT": false,
  "THE/USDT": false,
  "THETA/USDT": false,
  "TIA/USDT": false,
  "TKO/USDT": false,
  "TLM/USDT": false,
  "TNSR/USDT": false,
  "TON/USDT": false,
  "TRB/USDT": false,
  "TRU/USDT": false,
  "TRUMP/USDT": false,
  "TRX/USDT": false,
  "TST/USDT": false,
  "TURBO/USDT": false,
  "TUSD/USDT": false,
  "TUT/USDT": false,
  "TWT/USDT": false,
  "UMA/USDT": false,
  "UNI/USDT": false,
  "USD1/USDT": false,
  "USDC/USDT": false,
  "USDP/USDT": false,
  "USDT/ARS": false,
  "USDT/BRL": false,
  "USDT/COP": false,
  "USDT/DAI": false,
  "USDT/MXN": false,
  "USDT/PLN": false,
  "USDT/TRY": false,
  "USDT/UAH": false,
  "USDT/ZAR": false,
  "USTC/USDT": false,
  "USUAL/USDT": false,
  "UTK/USDT": false,
  "VANA/USDT": false,
  "VANRY/USDT": false,
  "VELODROME/USDT": false,
  "VET/USDT": false,
  "VIC/USDT": false,
  "VIRTUAL/USDT": false,
  "VOXEL/USDT": false,
  "VTHO/USDT": false,
  "W/USDT": false,
  "WAN/USDT": false,
  "WAXP/USDT": false,
  "WBETH/USDT": false,
  "WBTC/USDT": false,
  "WCT/USDT": false,
  "WIF/USDT": false,
  "WIN/USDT": false,
  "WLD/USDT": false,
  "WOO/USDT": false,
  "XAI/USDT": false,
  "XEC/USDT": false,
  "XLM/USDT": false,
  "XNO/USDT": false,
  "XTZ/USDT": false,
  "XUSD/USDT": false,
  "XVG/USDT": false,
  "XVS/USDT": false,
  "YFI/USDT": false,
  "YGG/USDT": false,
  "ZEC/USDT": false,
  "ZEN/USDT": false,
  "ZIL/USDT": false,
  "ZK/USDT": false,
  "ZRO/USDT": false,
  "ZRX/USDT": false
}