{
  "params": {
    "symbols": [
      "ETH/USDT",
      "SOL/USDT",
      "BNB/USDT",
      "LINK/USDT"
    ],
    "timeframe": "15m",
    "ema_fast": 50,
    "ema_slow": 150,
    "atr_len": 14,
    "min_atr_pct": 0.15,
    "execution": "next_open",
    "capital": 10000.0,
    "risk_pct": 0.005,
    "k_sl": 1.5,
    "fee_rate": 0.001,
    "tp": {
      "k_tp1": 1.0,
      "k_tp2": 2.0,
      "k_tp3": 3.0,
      "p1": 0.4,
      "p2": 0.3,
      "p3": 0.3,
      "move_be_after_tp1": true,
      "trail_act_pct": 0.008,
      "trail_dist_pct": 0.003
    }
  },
  "per_symbol": {
    "ETH/USDT": {
      "symbol": "ETH/USDT",
      "trades": 1
    },
    "SOL/USDT": {
      "symbol": "SOL/USDT",
      "trades": 2
    },
    "BNB/USDT": {
      "symbol": "BNB/USDT",
      "trades": 1
    },
    "LINK/USDT": {
      "symbol": "LINK/USDT",
      "trades": 1
    }
  },
  "metrics": {
    "n_trades": 5,
    "gross_profit": 106.97038060770358,
    "gross_loss": 132.31158784136073,
    "net_profit": -25.34120723365716,
    "avg_trade_usdt": -5.068241446731428,
    "profit_factor": 0.8084732588649695,
    "expectancy_usdt": -5.068241446731428,
    "expectancy_r": -0.10136482893462857,
    "max_drawdown_usdt": 97.39213487905684,
    "sharpe_like": -0.22143164059839615,
    "r_multiple_avg": -0.10136482893462857,
    "win_rate_%": 60.0
  }
}