{
  "network": "Testnet",
  "mode": "Spot",
  "timeframe": "1m",
  "fraction": 0.2,
  "ai_enabled": true,
  "ai_seq_len": 40,
  "ai_epochs": 30,
  "ai_batch": 64,
  "ai_threshold": 5.0,
  "train_all": true,
  "retrain_every_min": 30,
  "train_window_bars": 600,
  "valid_window_bars": 200,
  "one_trade_per_bar": true,
  "cooldown": 30,
  "minmove": 0.15,
  "risk_per_trade": 0.01,
  "portfolio_risk": 0.2,
  "use_trailing": true,
  "atr_period": 14,
  "trail_mult": 2.0,
  "take_mult": 3.0,
  "dca_enabled": false,
  "dca_max_adds": 0,
  "dca_step_atr": 2.0,
  "use_orderbook_vwap": true,
  "slippage_bps": 5.0,
  "auto_pick": true,
  "auto_topn": 3,
  "auto_interval": 5,
  "auto_min_vol": 20000000.0,
  "auto_min_price": 0.05,
  "auto_exclude_lev": true,
  "auto_min_bars": 200,
  "selected_symbols": []
}